Workbook

Sheet Camaras
A1: Nombre | B1: IP | C1: Modelo | D1: S/N | E1: MAC | F1: Firmware | G1: Conectada a NVR | H1: Region
A2: CAM-CERRITO-001 | B2: 192.168.1.10 | C2: DS-2CD2143G0-I | D2: SN50001 | E2: 00:AA:BB:CC:DD:01 | F2: V5.4.0 | G2: NVR-CERRITO-001 | H2: CERRITO
A3: CAM-CERRITO-002 | B3: 192.168.1.11 | C3: DS-2CD2143G0-I | D3: SN50002 | E3: 00:AA:BB:CC:DD:02 | F3: V5.4.0 | G3: NVR-CERRITO-001 | H3: CERRITO
A4: CAM-SJ-001 | B4: 192.168.10.10 | C4: DS-2CD2143G0-I | D4: SN54321 | E4: 00:AA:BB:CC:DD:EE | F4: V5.4.0 | G4: NVR-SJ-001 | H4: San Juan
A5: CAM-SJ-002 | B5: 192.168.10.11 | C5: DS-2CD2143G0-I | D5: SN54322 | E5: 00:AA:BB:CC:DD:EF | F5: V5.4.0 | G5: NVR-SJ-001 | H5: San Juan
A6: CAM-SJ-003 | B6: 192.168.10.12 | C6: DS-2CD2143G0-I | D6: SN54323 | E6: 00:AA:BB:CC:DD:F0 | F6: V5.4.0 | G6: NVR-SJ-001 | H6: San Juan
A7: CAM-SJ-004 | B7: 192.168.10.13 | C7: DS-2CD2143G0-I | D7: SN54324 | E7: 00:AA:BB:CC:DD:F1 | F7: V5.4.0 | G7: NVR-SJ-001 | H7: San Juan
A8: CAM-SC-001 | B8: 192.168.20.10 | C8: DS-2CD2143G0-I | D8: SN54325 | E8: 00:AA:BB:CC:DD:F2 | F8: V5.4.0 | G8: NVR-SC-001 | H8: Santa Cruz

Sheet NVRs
A1: Nombre | B1: IP | C1: Modelo | D1: S/N | E1: MAC | F1: Firmware | G1: Cantidad de Camaras | H1: Conectado a | I1: Tipo Conexion | J1: Region
A2: NVR-CERRITO-001 | B2: 192.168.1.1 | C2: DS-7608NI-Q1/8P | D2: SN12340 | E2: 00:11:22:33:44:50 | F2: V4.0.0 | G2: =COUNTIF(Camaras!G:G,A2) -> 2 | H2: HikCentral Cerrito | I2: Central Principal | J2: CERRITO
A3: NVR-SJ-001 | B3: 192.168.10.1 | C3: DS-7608NI-Q1/8P | D3: SN12345 | E3: 00:11:22:33:44:55 | F3: V4.0.0 | G3: =COUNTIF(Camaras!G:G,A3) -> 4 | H3: Las Lajas | I3: Sucursal | J3: San Juan
A4: NVR-SC-001 | B4: 192.168.20.1 | C4: DS-7616NI-Q2/16P | D4: SN12346 | E4: 00:11:22:33:44:56 | F4: V4.0.0 | G4: =COUNTIF(Camaras!G:G,A4) -> 1 | H4: NVR Chalten | I4: Sucursal | J4: Santa Cruz

Sheet Equipos Cerrito
A1: Nombre | B1: IP | C1: Modelo | D1: S/N | E1: MAC | F1: Firmware | G1: Cantidad de Camaras | H1: Region
A2: NVR-CERRITO-001 | B2: 192.168.1.1 | C2: DS-7608NI-Q1/8P | D2: SN12340 | E2: 00:11:22:33:44:50 | F2: V4.0.0 | G2: =COUNTIF(Camaras!G:G,A2) -> 2 | H2: CERRITO

Sheet Sucursales
A1: Nombre | B1: Cantidad de NVR | C1: Cantidad de Camaras | D1: Tamaño del Vinculo | E1: Conectada a Central | F1: Region
A2: Las Lajas | B2: =COUNTIF(NVRs!H:H,A2) -> 1 | C2: =SUMIF(NVRs!H:H,A2,NVRs!G:G) -> 4 | D2: 10 Mbps | E2: HikCentral San Juan | F2: San Juan
A3: NVR Chalten | B3: =COUNTIF(NVRs!H:H,A3) -> 1 | C3: =SUMIF(NVRs!H:H,A3,NVRs!G:G) -> 1 | D3: 20 Mbps | E3: HikCentral Santa Cruz | F3: Santa Cruz
A4: Marquesado | B4: =COUNTIF(NVRs!H:H,A4) -> 0 | C4: =SUMIF(NVRs!H:H,A4,NVRs!G:G) -> 0 | D4: 10 Mbps | E4: HikCentral San Juan | F4: San Juan

Sheet Centrales Regionales
A1: Nombre | B1: IP | C1: MAC | D1: Cantidad de Sucursales | E1: Cantidad de Camaras | F1: Region | G1: Conectada a Central Principal
A2: HikCentral San Juan | B2: 192.168.2.100 | C2: 00:1A:2B:3C:4D:5F | D2: =COUNTIF(Sucursales!E:E,A2) -> 2 | E2: =SUMIF(Sucursales!E:E,A2,Sucursales!C:C) -> 4 | F2: San Juan | G2: HikCentral Cerrito
A3: HikCentral Santa Cruz | B3: 192.168.3.100 | C3: 00:1A:2B:3C:4D:60 | D3: =COUNTIF(Sucursales!E:E,A3) -> 1 | E3: =SUMIF(Sucursales!E:E,A3,Sucursales!C:C) -> 1 | F3: Santa Cruz | G3: HikCentral Cerrito
A4: HikCentral Entre Rios | B4: 192.168.4.100 | C4: 00:1A:2B:3C:4D:61 | D4: =COUNTIF(Sucursales!E:E,A4) -> 0 | E4: =SUMIF(Sucursales!E:E,A4,Sucursales!C:C) -> 0 | F4: Entre Rios | G4: HikCentral Cerrito
A5: HikCentral Rosario | B5: 192.168.5.100 | C5: 00:1A:2B:3C:4D:62 | D5: =COUNTIF(Sucursales!E:E,A5) -> 0 | E5: =SUMIF(Sucursales!E:E,A5,Sucursales!C:C) -> 0 | F5: Santa Fe | G5: HikCentral Cerrito

Sheet Central Principal
A1: Nombre | B1: IP | C1: MAC | D1: Cantidad de NVR | E1: Cantidad de Centrales Conectadas | F1: Cantidad de Camaras Totales | G1: Region
A2: HikCentral Cerrito | B2: 192.168.1.100 | C2: 00:1A:2B:3C:4D:5E | D2: =COUNTA(NVRs!A:A)-1 -> 3 | E2: =COUNTA('Centrales Regionales'!A:A)-1 -> 4 | F2: =SUM('Centrales Regionales'!E:E)+SUMIF('Equipos Cerrito'!H:H,"CERRITO",'Equipos Cerrito'!G:G) -> 7 | G2: CERRITO
